{"stats":{"minecraft:custom":{"minecraft:interact_with_crafting_table":193,"minecraft:open_barrel":281,"minecraft:bell_ring":5,"minecraft:leave_game":44,"minecraft:time_since_death":2058,"minecraft:sprint_one_cm":2472270,"minecraft:drop":285,"minecraft:talked_to_villager":7,"minecraft:deaths":12,"minecraft:jump":9971,"minecraft:walk_on_water_one_cm":141037,"minecraft:enchant_item":6,"minecraft:interact_with_furnace":69,"minecraft:traded_with_villager":53,"minecraft:interact_with_cartography_table":2,"minecraft:play_one_minute":1690733,"minecraft:sleep_in_bed":11,"minecraft:damage_dealt":5311,"minecraft:interact_with_beacon":9,"minecraft:crouch_one_cm":34536,"minecraft:interact_with_smoker":41,"minecraft:inspect_dispenser":46,"minecraft:interact_with_smithing_table":8,"minecraft:interact_with_anvil":41,"minecraft:mob_kills":41,"minecraft:inspect_hopper":14,"minecraft:climb_one_cm":128826,"minecraft:walk_one_cm":4096092,"minecraft:strider_one_cm":172438,"minecraft:sneak_time":21531,"minecraft:walk_under_water_one_cm":423093,"minecraft:boat_one_cm":185839,"minecraft:interact_with_blast_furnace":88,"minecraft:pot_flower":21,"minecraft:interact_with_stonecutter":18,"minecraft:interact_with_grindstone":7,"minecraft:time_since_rest":2094,"minecraft:damage_taken":12426,"minecraft:swim_one_cm":151050,"minecraft:fly_one_cm":3614765,"minecraft:open_chest":393,"minecraft:fall_one_cm":284371},"minecraft:killed":{"minecraft:cod":5,"minecraft:chicken":1,"minecraft:turtle":1,"minecraft:magma_cube":1,"minecraft:pig":6,"minecraft:iron_golem":1,"minecraft:strider":1,"minecraft:sheep":3,"minecraft:trader_llama":2,"minecraft:donkey":1,"minecraft:ghast":1,"minecraft:cow":4,"minecraft:slime":7,"minecraft:bat":2,"minecraft:wandering_trader":1,"minecraft:squid":1,"minecraft:villager":3},"minecraft:mined":{"minecraft:white_bed":10,"minecraft:cobblestone_stairs":195,"minecraft:granite":408,"minecraft:grass_block":392,"minecraft:oak_pressure_plate":8,"minecraft:composter":18,"minecraft:hopper":6,"minecraft:oak_wall_sign":7,"minecraft:oxeye_daisy":1,"minecraft:smooth_stone":1,"minecraft:tall_seagrass":3,"minecraft:magma_block":5,"minecraft:iron_ore":408,"minecraft:barrel":4,"minecraft:anvil":8,"minecraft:azure_bluet":1,"minecraft:oak_sign":18,"minecraft:oak_stairs":4,"minecraft:green_carpet":1,"minecraft:granite_stairs":1,"minecraft:polished_granite_stairs":1,"minecraft:piston_head":11,"minecraft:kelp_plant":1,"minecraft:smoker":4,"minecraft:clay":7,"minecraft:torch":75,"minecraft:blast_furnace":7,"minecraft:poppy":1,"minecraft:chest":12,"minecraft:cobblestone":821,"minecraft:potted_oak_sapling":3,"minecraft:sugar_cane":2,"minecraft:oak_planks":113,"minecraft:wall_torch":86,"minecraft:cauldron":1,"minecraft:seagrass":1,"minecraft:lilac":1,"minecraft:grass":148,"minecraft:oak_log":328,"minecraft:oak_fence_gate":1,"minecraft:sand":53,"minecraft:dirt":447,"minecraft:stonecutter":5,"minecraft:netherrack":6,"minecraft:piston":8,"minecraft:oak_leaves":80,"minecraft:diamond_ore":62,"minecraft:oak_door":9,"minecraft:lever":3,"minecraft:ladder":59,"minecraft:red_mushroom":1,"minecraft:sandstone":7,"minecraft:hay_block":1,"minecraft:redstone_ore":19,"minecraft:oak_trapdoor":36,"minecraft:furnace":2,"minecraft:andesite":84,"minecraft:gold_block":1,"minecraft:bell":1,"minecraft:bookshelf":6,"minecraft:potatoes":1,"minecraft:cobblestone_slab":5,"minecraft:lantern":21,"minecraft:stripped_oak_log":5,"minecraft:stone":2571,"minecraft:smithing_table":1,"minecraft:glass_pane":10,"minecraft:oak_fence":2,"minecraft:crafting_table":14,"minecraft:lectern":2,"minecraft:tall_grass":4,"minecraft:lapis_ore":10,"minecraft:diorite":274,"minecraft:cobblestone_wall":1,"minecraft:birch_leaves":12,"minecraft:grass_path":4,"minecraft:potted_azure_bluet":1,"minecraft:coal_ore":354,"minecraft:flower_pot":8,"minecraft:gravel":40,"minecraft:gold_ore":22},"minecraft:picked_up":{"minecraft:wooden_axe":1,"minecraft:seagrass":2,"minecraft:iron_chestplate":1,"minecraft:wheat":1,"minecraft:flower_pot":12,"minecraft:anvil":9,"minecraft:lead":2,"minecraft:smithing_table":1,"minecraft:diamond_sword":2,"minecraft:oak_stairs":11,"minecraft:golden_shovel":1,"minecraft:golden_sword":1,"minecraft:iron_leggings":1,"minecraft:oak_sign":38,"minecraft:sea_pickle":3,"minecraft:smooth_stone":11,"minecraft:bucket":12,"minecraft:redstone_torch":2,"minecraft:cobblestone_slab":17,"minecraft:ender_eye":2,"minecraft:wooden_shovel":1,"minecraft:iron_pickaxe":3,"minecraft:enchanted_golden_apple":5184,"minecraft:coal_block":7104,"minecraft:furnace":2,"minecraft:iron_boots":1,"minecraft:stick":70,"minecraft:composter":20,"minecraft:oak_fence":2,"minecraft:torch":230,"minecraft:porkchop":10,"minecraft:diorite":292,"minecraft:cauldron":1,"minecraft:obsidian":1,"minecraft:iron_bars":44,"minecraft:cod":1,"minecraft:cobblestone":3097,"minecraft:magma_block":6,"minecraft:cooked_beef":9,"minecraft:lilac":2,"minecraft:magma_cream":1,"minecraft:repeater":1,"minecraft:water_bucket":20,"minecraft:andesite":107,"minecraft:smoker":4,"minecraft:potato":2,"minecraft:flint":5,"minecraft:lapis_lazuli":70,"minecraft:dirt":972,"minecraft:lantern":30,"minecraft:stonecutter":5,"minecraft:wheat_seeds":26,"minecraft:bell":1,"minecraft:oak_planks":215,"minecraft:ghast_tear":1,"minecraft:cooked_porkchop":8,"minecraft:oak_pressure_plate":8,"minecraft:sand":57,"minecraft:ink_sac":2,"minecraft:barrel":4,"minecraft:diamond":74,"minecraft:lever":7,"minecraft:granite":466,"minecraft:grass":71,"minecraft:netherrack":7,"minecraft:oak_sapling":14,"minecraft:oak_leaves":19,"minecraft:diamond_pickaxe":2,"minecraft:crafting_table":16,"minecraft:azure_bluet":2,"minecraft:chicken":1,"minecraft:ladder":69,"minecraft:clay_ball":28,"minecraft:wooden_pickaxe":1,"minecraft:gold_block":9,"minecraft:oak_trapdoor":37,"minecraft:iron_axe":2,"minecraft:item_frame":1,"minecraft:white_carpet":3,"minecraft:iron_shovel":2,"minecraft:netherite_sword":1,"minecraft:beef":9,"minecraft:oak_boat":1,"minecraft:iron_nugget":8,"minecraft:poppy":5,"minecraft:lectern":2,"minecraft:chest":12,"minecraft:sugar_cane":5,"minecraft:birch_sapling":1,"minecraft:piston":20,"minecraft:sandstone":7,"minecraft:stone":4,"minecraft:oak_door":13,"minecraft:stone_button":7,"minecraft:carrot":1728,"minecraft:redstone":99,"minecraft:polished_granite_stairs":2,"minecraft:stone_shovel":2,"minecraft:shears":4,"minecraft:hay_block":1,"minecraft:mutton":5,"minecraft:white_wool":9,"minecraft:oxeye_daisy":1,"minecraft:stripped_oak_log":5,"minecraft:leather":8,"minecraft:red_mushroom":2,"minecraft:filled_map":1,"minecraft:granite_stairs":61,"minecraft:oak_log":359,"minecraft:cobblestone_wall":1,"minecraft:cobblestone_stairs":270,"minecraft:red_carpet":2,"minecraft:kelp":2,"minecraft:oak_fence_gate":1,"minecraft:iron_ingot":51,"minecraft:stone_pickaxe":3,"minecraft:iron_ore":407,"minecraft:iron_sword":1,"minecraft:book":27,"minecraft:oak_slab":7,"minecraft:gravel":50,"minecraft:lava_bucket":3,"minecraft:blast_furnace":7,"minecraft:white_bed":10,"minecraft:gold_ore":22,"minecraft:green_carpet":4,"minecraft:slime_ball":3,"minecraft:stone_axe":2,"minecraft:iron_helmet":1,"minecraft:painting":1,"minecraft:gray_wool":5,"minecraft:coal":441,"minecraft:hopper":6},"minecraft:used":{"minecraft:polished_granite_stairs":1,"minecraft:iron_shovel":816,"minecraft:dispenser":8,"minecraft:ladder":116,"minecraft:oak_sign":112,"minecraft:chest":53,"minecraft:iron_sword":10,"minecraft:stone":782,"minecraft:quartz_stairs":135,"minecraft:milk_bucket":1,"minecraft:obsidian":32,"minecraft:glass":69,"minecraft:lava_bucket":39,"minecraft:netherite_shovel":9,"minecraft:quartz_slab":69,"minecraft:spruce_wood":2,"minecraft:grass_block":215,"minecraft:lantern":122,"minecraft:polished_andesite_stairs":10,"minecraft:quartz_block":140,"minecraft:dark_oak_slab":112,"minecraft:diorite_wall":138,"minecraft:stone_brick_stairs":1,"minecraft:item_frame":25,"minecraft:bedrock":1,"minecraft:birch_trapdoor":3,"minecraft:golden_sword":1,"minecraft:repeater":2,"minecraft:red_carpet":28,"minecraft:magma_block":3,"minecraft:oak_sapling":7,"minecraft:furnace":15,"minecraft:polished_diorite_stairs":2,"minecraft:gold_block":3,"minecraft:polished_blackstone_stairs":1,"minecraft:dark_oak_stairs":38,"minecraft:diorite":262,"minecraft:spruce_door":1,"minecraft:warped_fungus_on_a_stick":18,"minecraft:acacia_trapdoor":6,"minecraft:oak_planks":706,"minecraft:stone_pickaxe":319,"minecraft:blackstone_stairs":1,"minecraft:wooden_pickaxe":19,"minecraft:sandstone":9,"minecraft:composter":21,"minecraft:diamond_axe":8,"minecraft:oak_leaves":33,"minecraft:white_wool":58,"minecraft:sand":93,"minecraft:blast_furnace":12,"minecraft:sponge":40,"minecraft:shears":89,"minecraft:red_sandstone_wall":10,"minecraft:redstone_torch":9,"minecraft:lever":11,"minecraft:stone_button":27,"minecraft:lectern":3,"minecraft:polished_granite":142,"minecraft:diamond_ore":3,"minecraft:oak_pressure_plate":23,"minecraft:gravel":6,"minecraft:polished_andesite_slab":73,"minecraft:diamond_sword":39,"minecraft:coal_block":1,"minecraft:stripped_oak_wood":232,"minecraft:grindstone":6,"minecraft:smithing_table":5,"minecraft:andesite":15,"minecraft:birch_log":45,"minecraft:chain":62,"minecraft:white_concrete":17,"minecraft:oak_boat":5,"minecraft:golden_pickaxe":32,"minecraft:oak_fence":84,"minecraft:oak_trapdoor":121,"minecraft:netherite_sword":7,"minecraft:enchanting_table":5,"minecraft:granite_stairs":7,"minecraft:flint_and_steel":11,"minecraft:armor_stand":7,"minecraft:stone_shovel":98,"minecraft:redstone":91,"minecraft:wooden_shovel":17,"minecraft:oak_door":13,"minecraft:torch":677,"minecraft:dirt":785,"minecraft:anvil":20,"minecraft:white_carpet":38,"minecraft:hopper":10,"minecraft:spruce_stairs":1,"minecraft:cobblestone_wall":92,"minecraft:stone_stairs":5,"minecraft:golden_shovel":36,"minecraft:granite":234,"minecraft:oak_fence_gate":3,"minecraft:polished_diorite":3,"minecraft:andesite_wall":13,"minecraft:dark_oak_planks":48,"minecraft:wooden_axe":4,"minecraft:bookshelf":107,"minecraft:iron_block":289,"minecraft:iron_axe":641,"minecraft:oak_stairs":26,"minecraft:polished_blackstone_brick_stairs":1,"minecraft:smooth_quartz":7,"minecraft:barrel":61,"minecraft:glowstone":3,"minecraft:dark_oak_pressure_plate":2,"minecraft:iron_trapdoor":6,"minecraft:netherite_pickaxe":1,"minecraft:enchanted_golden_apple":1,"minecraft:turtle_egg":7,"minecraft:golden_axe":32,"minecraft:water_bucket":125,"minecraft:iron_ore":13,"minecraft:cobblestone_stairs":514,"minecraft:snow_block":6,"minecraft:birch_planks":99,"minecraft:polished_andesite":48,"minecraft:cartography_table":1,"minecraft:beacon":1,"minecraft:fletching_table":1,"minecraft:stonecutter":14,"minecraft:cobblestone_slab":381,"minecraft:diamond_block":7,"minecraft:tnt":30,"minecraft:crafting_table":28,"minecraft:oak_slab":11,"minecraft:red_bed":2,"minecraft:white_bed":14,"minecraft:painting":59,"minecraft:spruce_log":81,"minecraft:dark_oak_door":1,"minecraft:smoker":10,"minecraft:oak_log":28,"minecraft:piston":19,"minecraft:flower_pot":22,"minecraft:ender_eye":54,"minecraft:diamond_pickaxe":1498,"minecraft:diamond_shovel":2,"minecraft:iron_pickaxe":3594,"minecraft:map":12,"minecraft:netherite_axe":1,"minecraft:spruce_pressure_plate":2,"minecraft:stone_axe":53,"minecraft:cobblestone":1910,"minecraft:bucket":67,"minecraft:glass_pane":14,"minecraft:sea_pickle":23,"minecraft:end_portal_frame":48,"minecraft:stripped_oak_log":3,"minecraft:smooth_stone":170,"minecraft:birch_stairs":57},"minecraft:dropped":{"minecraft:gold_ore":1,"minecraft:porkchop":2,"minecraft:lapis_lazuli":64,"minecraft:diamond":12,"minecraft:warped_fungus_on_a_stick":1,"minecraft:red_sandstone_wall":1,"minecraft:saddle":1,"minecraft:cod":1,"minecraft:flint":1,"minecraft:cobblestone_stairs":6,"minecraft:dirt":86,"minecraft:grass":64,"minecraft:mutton":3,"minecraft:seagrass":2,"minecraft:sand":5,"minecraft:iron_pickaxe":2,"minecraft:white_wool":8,"minecraft:cauldron":1,"minecraft:oak_door":3,"minecraft:gravel":25,"minecraft:sugar_cane":4,"minecraft:netherite_sword":1,"minecraft:wheat":10,"minecraft:enchanted_golden_apple":2096,"minecraft:carrot":1088,"minecraft:chest":1,"minecraft:ladder":7,"minecraft:ghast_tear":1,"minecraft:oak_leaves":12,"minecraft:netherrack":3,"minecraft:enchanting_table":1,"minecraft:water_bucket":16,"minecraft:wheat_seeds":7,"minecraft:lilac":2,"minecraft:smithing_table":1,"minecraft:bookshelf":1,"minecraft:oak_fence":1,"minecraft:cobblestone":78,"minecraft:granite":114,"minecraft:grass_block":1,"minecraft:coal_block":3008,"minecraft:coal":1,"minecraft:lava_bucket":5,"minecraft:iron_block":1,"minecraft:gray_wool":5,"minecraft:diorite":39,"minecraft:wooden_axe":1,"minecraft:oak_stairs":1,"minecraft:granite_stairs":60,"minecraft:smooth_stone":5,"minecraft:bucket":2,"minecraft:kelp":1,"minecraft:oak_trapdoor":3,"minecraft:cobblestone_wall":1,"minecraft:chicken":1,"minecraft:stripped_oak_log":2,"minecraft:stone_slab":5,"minecraft:oak_sign":1,"minecraft:shears":2,"minecraft:glass_pane":2,"minecraft:flint_and_steel":1,"minecraft:diamond_sword":1,"minecraft:polished_granite_stairs":1,"minecraft:stone":9,"minecraft:flower_pot":3,"minecraft:sea_pickle":3,"minecraft:diamond_pickaxe":2,"minecraft:andesite":42,"minecraft:oak_sapling":2,"minecraft:sandstone":7,"minecraft:stone_pickaxe":1,"minecraft:magma_cream":1,"minecraft:magma_block":3,"minecraft:brick":1},"minecraft:broken":{"minecraft:iron_shovel":2,"minecraft:golden_shovel":1,"minecraft:stone_pickaxe":2,"minecraft:golden_axe":1,"minecraft:iron_axe":2,"minecraft:iron_pickaxe":14,"minecraft:golden_pickaxe":1},"minecraft:killed_by":{"minecraft:ender_dragon":1},"minecraft:crafted":{"minecraft:brick":28,"minecraft:grindstone":1,"minecraft:smooth_stone":21,"minecraft:oak_planks":1160,"minecraft:barrel":2,"minecraft:cobblestone_slab":162,"minecraft:oak_sign":21,"minecraft:oak_pressure_plate":10,"minecraft:stone":36,"minecraft:cobblestone_stairs":566,"minecraft:lever":6,"minecraft:bookshelf":3,"minecraft:glass":12,"minecraft:hopper":3,"minecraft:iron_boots":1,"minecraft:chest":12,"minecraft:stone_hoe":1,"minecraft:magenta_dye":36,"minecraft:oak_fence":12,"minecraft:golden_sword":1,"minecraft:flower_pot":9,"minecraft:granite_stairs":1,"minecraft:smoker":2,"minecraft:golden_axe":1,"minecraft:pumpkin":4,"minecraft:oak_slab":30,"minecraft:wooden_shovel":1,"minecraft:cooked_porkchop":8,"minecraft:crafting_table":4,"minecraft:kelp":12,"minecraft:wooden_pickaxe":1,"minecraft:iron_helmet":1,"minecraft:smithing_table":1,"minecraft:golden_pickaxe":1,"minecraft:iron_chestplate":1,"minecraft:diamond_pickaxe":1,"minecraft:charcoal":2,"minecraft:stick":460,"minecraft:stone_slab":6,"minecraft:iron_ingot":399,"minecraft:compass":1,"minecraft:iron_pickaxe":16,"minecraft:iron_block":3,"minecraft:stone_sword":1,"minecraft:gold_ingot":20,"minecraft:netherite_ingot":4,"minecraft:composter":2,"minecraft:nautilus_shell":5,"minecraft:shears":1,"minecraft:oak_door":3,"minecraft:stone_shovel":3,"minecraft:netherite_sword":1,"minecraft:iron_nugget":72,"minecraft:furnace":7,"minecraft:blast_furnace":3,"minecraft:piston":1,"minecraft:glass_pane":16,"minecraft:oak_trapdoor":16,"minecraft:lantern":8,"minecraft:netherite_axe":1,"minecraft:ladder":63,"minecraft:iron_axe":5,"minecraft:polished_granite_stairs":1,"minecraft:iron_hoe":1,"minecraft:stone_pickaxe":5,"minecraft:netherite_scrap":4,"minecraft:allium":12,"minecraft:wheat":9,"minecraft:cooked_beef":9,"minecraft:coal_block":1,"minecraft:netherite_pickaxe":1,"minecraft:iron_sword":2,"minecraft:golden_shovel":1,"minecraft:bucket":4,"minecraft:stone_axe":3,"minecraft:air":0,"minecraft:oak_fence_gate":2,"minecraft:oak_boat":21,"minecraft:gunpowder":8,"minecraft:netherite_shovel":1,"minecraft:oak_stairs":8,"minecraft:wooden_axe":1,"minecraft:iron_shovel":6,"minecraft:iron_leggings":1,"minecraft:stonecutter":2,"minecraft:anvil":1,"minecraft:torch":384}},"DataVersion":2586}