{"stats":{"minecraft:crafted":{"minecraft:diamond_sword":1,"minecraft:diamond_helmet":1,"minecraft:diamond_leggings":1,"minecraft:diamond_pickaxe":1,"minecraft:diamond_axe":1,"minecraft:diamond_boots":1,"minecraft:gold_ingot":10,"minecraft:diamond_shovel":1,"minecraft:diamond_chestplate":1},"minecraft:dropped":{"minecraft:dirt":6,"minecraft:torch":8,"minecraft:glass_pane":315},"minecraft:mined":{"minecraft:cobblestone_wall":2,"minecraft:cobblestone_stairs":2,"minecraft:grass_block":19,"minecraft:cobblestone_slab":2,"minecraft:oak_sign":5,"minecraft:dirt":9,"minecraft:cobblestone":36,"minecraft:oak_wall_sign":7,"minecraft:wall_torch":3},"minecraft:picked_up":{"minecraft:oak_slab":12,"minecraft:stick":58,"minecraft:cooked_beef":9,"minecraft:oak_door":1,"minecraft:torch":11,"minecraft:oak_stairs":7,"minecraft:cobblestone_wall":2,"minecraft:cobblestone_stairs":4,"minecraft:lapis_lazuli":100,"minecraft:barrel":1,"minecraft:dirt":159,"minecraft:compass":1,"minecraft:iron_shovel":1,"minecraft:oak_sign":15,"minecraft:diamond":25,"minecraft:bucket":2,"minecraft:cobblestone_slab":8,"minecraft:gold_ingot":10,"minecraft:oak_planks":342,"minecraft:cobblestone":32},"minecraft:used":{"minecraft:lever":6,"minecraft:diamond_pickaxe":41,"minecraft:grass_block":5,"minecraft:cobblestone_stairs":15,"minecraft:diamond_shovel":26,"minecraft:sandstone_stairs":9,"minecraft:heavy_weighted_pressure_plate":2,"minecraft:iron_axe":3,"minecraft:iron_pickaxe":2,"minecraft:stone_button":3,"minecraft:oak_sign":21,"minecraft:stone":156,"minecraft:diamond_axe":1,"minecraft:iron_door":3,"minecraft:cobblestone_slab":2,"minecraft:sandstone_wall":71,"minecraft:barrel":2,"minecraft:sand":12,"minecraft:torch":44,"minecraft:glowstone":4,"minecraft:dirt":28,"minecraft:cobblestone":123,"minecraft:cobblestone_wall":44},"minecraft:custom":{"minecraft:time_since_rest":97942,"minecraft:interact_with_furnace":6,"minecraft:sprint_one_cm":97055,"minecraft:damage_taken":80,"minecraft:walk_one_cm":323486,"minecraft:interact_with_anvil":3,"minecraft:drop":19,"minecraft:swim_one_cm":543,"minecraft:interact_with_crafting_table":6,"minecraft:fly_one_cm":44574,"minecraft:open_barrel":46,"minecraft:open_chest":58,"minecraft:crouch_one_cm":5144,"minecraft:play_one_minute":98956,"minecraft:sneak_time":2056,"minecraft:walk_under_water_one_cm":3564,"minecraft:jump":206,"minecraft:interact_with_grindstone":2,"minecraft:interact_with_stonecutter":3,"minecraft:interact_with_blast_furnace":9,"minecraft:leave_game":2,"minecraft:walk_on_water_one_cm":2104,"minecraft:time_since_death":98956,"minecraft:sleep_in_bed":1,"minecraft:climb_one_cm":12494,"minecraft:interact_with_smoker":7,"minecraft:fall_one_cm":3402}},"DataVersion":2586}