{"stats":{"minecraft:mined":{"minecraft:white_bed":10,"minecraft:cobblestone_stairs":195,"minecraft:granite":396,"minecraft:grass_block":388,"minecraft:oak_pressure_plate":8,"minecraft:composter":18,"minecraft:hopper":6,"minecraft:oak_wall_sign":7,"minecraft:oxeye_daisy":1,"minecraft:smooth_stone":1,"minecraft:tall_seagrass":3,"minecraft:magma_block":5,"minecraft:iron_ore":408,"minecraft:barrel":4,"minecraft:anvil":8,"minecraft:azure_bluet":1,"minecraft:oak_sign":18,"minecraft:oak_stairs":4,"minecraft:green_carpet":1,"minecraft:granite_stairs":1,"minecraft:polished_granite_stairs":1,"minecraft:piston_head":11,"minecraft:kelp_plant":1,"minecraft:smoker":4,"minecraft:clay":7,"minecraft:torch":70,"minecraft:blast_furnace":7,"minecraft:poppy":1,"minecraft:chest":12,"minecraft:cobblestone":789,"minecraft:potted_oak_sapling":3,"minecraft:oak_planks":113,"minecraft:sugar_cane":2,"minecraft:wall_torch":81,"minecraft:cauldron":1,"minecraft:seagrass":1,"minecraft:lilac":1,"minecraft:grass":147,"minecraft:oak_log":328,"minecraft:oak_fence_gate":1,"minecraft:sand":45,"minecraft:dirt":445,"minecraft:stonecutter":5,"minecraft:netherrack":6,"minecraft:piston":8,"minecraft:oak_leaves":80,"minecraft:diamond_ore":62,"minecraft:oak_door":9,"minecraft:lever":3,"minecraft:ladder":59,"minecraft:red_mushroom":1,"minecraft:sandstone":7,"minecraft:hay_block":1,"minecraft:redstone_ore":19,"minecraft:oak_trapdoor":36,"minecraft:furnace":2,"minecraft:andesite":84,"minecraft:gold_block":1,"minecraft:bell":1,"minecraft:bookshelf":6,"minecraft:potatoes":1,"minecraft:cobblestone_slab":5,"minecraft:lantern":21,"minecraft:stripped_oak_log":5,"minecraft:stone":2445,"minecraft:smithing_table":1,"minecraft:glass_pane":10,"minecraft:oak_fence":2,"minecraft:crafting_table":14,"minecraft:lectern":2,"minecraft:tall_grass":4,"minecraft:lapis_ore":10,"minecraft:diorite":274,"minecraft:cobblestone_wall":1,"minecraft:birch_leaves":12,"minecraft:grass_path":4,"minecraft:potted_azure_bluet":1,"minecraft:coal_ore":332,"minecraft:flower_pot":8,"minecraft:gravel":38,"minecraft:gold_ore":22},"minecraft:broken":{"minecraft:iron_shovel":2,"minecraft:golden_shovel":1,"minecraft:stone_pickaxe":2,"minecraft:golden_axe":1,"minecraft:iron_axe":2,"minecraft:iron_pickaxe":14,"minecraft:golden_pickaxe":1},"minecraft:killed":{"minecraft:cod":5,"minecraft:chicken":1,"minecraft:turtle":1,"minecraft:magma_cube":1,"minecraft:pig":6,"minecraft:iron_golem":1,"minecraft:strider":1,"minecraft:sheep":1,"minecraft:donkey":1,"minecraft:ghast":1,"minecraft:cow":4,"minecraft:slime":7,"minecraft:bat":2,"minecraft:villager":3},"minecraft:custom":{"minecraft:interact_with_crafting_table":181,"minecraft:open_barrel":118,"minecraft:bell_ring":5,"minecraft:leave_game":38,"minecraft:time_since_death":50355,"minecraft:sprint_one_cm":2280169,"minecraft:drop":140,"minecraft:talked_to_villager":4,"minecraft:deaths":11,"minecraft:jump":8512,"minecraft:walk_on_water_one_cm":94062,"minecraft:enchant_item":6,"minecraft:interact_with_furnace":62,"minecraft:play_one_minute":1281920,"minecraft:sleep_in_bed":9,"minecraft:damage_dealt":4451,"minecraft:interact_with_beacon":8,"minecraft:crouch_one_cm":25364,"minecraft:interact_with_smoker":30,"minecraft:mob_kills":35,"minecraft:interact_with_anvil":32,"minecraft:inspect_hopper":10,"minecraft:climb_one_cm":117847,"minecraft:walk_one_cm":3204211,"minecraft:strider_one_cm":172438,"minecraft:sneak_time":14886,"minecraft:walk_under_water_one_cm":79452,"minecraft:boat_one_cm":151404,"minecraft:interact_with_blast_furnace":75,"minecraft:pot_flower":17,"minecraft:interact_with_grindstone":4,"minecraft:interact_with_stonecutter":16,"minecraft:time_since_rest":37855,"minecraft:damage_taken":12052,"minecraft:swim_one_cm":120884,"minecraft:fly_one_cm":2370968,"minecraft:open_chest":351,"minecraft:fall_one_cm":267877},"minecraft:dropped":{"minecraft:gold_ore":1,"minecraft:porkchop":2,"minecraft:lapis_lazuli":64,"minecraft:diamond":12,"minecraft:warped_fungus_on_a_stick":1,"minecraft:saddle":1,"minecraft:red_sandstone_wall":1,"minecraft:cod":1,"minecraft:flint":1,"minecraft:cobblestone_stairs":6,"minecraft:dirt":74,"minecraft:grass":64,"minecraft:mutton":2,"minecraft:seagrass":2,"minecraft:sand":4,"minecraft:iron_pickaxe":2,"minecraft:white_wool":7,"minecraft:cauldron":1,"minecraft:oak_door":3,"minecraft:gravel":24,"minecraft:sugar_cane":4,"minecraft:netherite_sword":1,"minecraft:wheat":10,"minecraft:ladder":7,"minecraft:chest":1,"minecraft:ghast_tear":1,"minecraft:oak_leaves":12,"minecraft:netherrack":3,"minecraft:enchanting_table":1,"minecraft:wheat_seeds":6,"minecraft:lilac":2,"minecraft:smithing_table":1,"minecraft:bookshelf":1,"minecraft:oak_fence":1,"minecraft:cobblestone":75,"minecraft:granite":114,"minecraft:coal":1,"minecraft:iron_block":1,"minecraft:gray_wool":5,"minecraft:diorite":39,"minecraft:wooden_axe":1,"minecraft:granite_stairs":60,"minecraft:smooth_stone":5,"minecraft:kelp":1,"minecraft:oak_trapdoor":3,"minecraft:cobblestone_wall":1,"minecraft:chicken":1,"minecraft:stripped_oak_log":2,"minecraft:stone_slab":5,"minecraft:oak_sign":1,"minecraft:shears":2,"minecraft:glass_pane":2,"minecraft:flint_and_steel":1,"minecraft:polished_granite_stairs":1,"minecraft:stone":9,"minecraft:flower_pot":3,"minecraft:diamond_pickaxe":2,"minecraft:andesite":42,"minecraft:oak_sapling":2,"minecraft:sandstone":7,"minecraft:magma_cream":1,"minecraft:magma_block":3,"minecraft:brick":1},"minecraft:picked_up":{"minecraft:wooden_axe":1,"minecraft:seagrass":2,"minecraft:iron_chestplate":1,"minecraft:wheat":1,"minecraft:anvil":9,"minecraft:flower_pot":12,"minecraft:smithing_table":1,"minecraft:diamond_sword":1,"minecraft:oak_stairs":11,"minecraft:golden_shovel":1,"minecraft:golden_sword":1,"minecraft:iron_leggings":1,"minecraft:oak_sign":27,"minecraft:smooth_stone":11,"minecraft:bucket":2,"minecraft:cobblestone_slab":17,"minecraft:ender_eye":2,"minecraft:wooden_shovel":1,"minecraft:iron_pickaxe":3,"minecraft:iron_boots":1,"minecraft:furnace":2,"minecraft:stick":70,"minecraft:composter":20,"minecraft:oak_fence":2,"minecraft:torch":210,"minecraft:porkchop":10,"minecraft:diorite":292,"minecraft:cauldron":1,"minecraft:iron_bars":44,"minecraft:obsidian":1,"minecraft:cod":1,"minecraft:cobblestone":2952,"minecraft:magma_block":6,"minecraft:cooked_beef":9,"minecraft:lilac":2,"minecraft:magma_cream":1,"minecraft:andesite":107,"minecraft:smoker":4,"minecraft:potato":2,"minecraft:flint":3,"minecraft:lapis_lazuli":70,"minecraft:dirt":954,"minecraft:lantern":28,"minecraft:stonecutter":5,"minecraft:wheat_seeds":24,"minecraft:bell":1,"minecraft:oak_planks":215,"minecraft:ghast_tear":1,"minecraft:cooked_porkchop":8,"minecraft:oak_pressure_plate":8,"minecraft:sand":56,"minecraft:barrel":4,"minecraft:diamond":74,"minecraft:lever":7,"minecraft:granite":454,"minecraft:grass":71,"minecraft:oak_sapling":14,"minecraft:netherrack":7,"minecraft:oak_leaves":19,"minecraft:diamond_pickaxe":2,"minecraft:crafting_table":16,"minecraft:azure_bluet":2,"minecraft:chicken":1,"minecraft:ladder":69,"minecraft:clay_ball":28,"minecraft:wooden_pickaxe":1,"minecraft:gold_block":9,"minecraft:oak_trapdoor":37,"minecraft:iron_axe":2,"minecraft:iron_shovel":2,"minecraft:netherite_sword":1,"minecraft:beef":9,"minecraft:oak_boat":1,"minecraft:poppy":5,"minecraft:iron_nugget":8,"minecraft:lectern":2,"minecraft:chest":12,"minecraft:sugar_cane":5,"minecraft:birch_sapling":1,"minecraft:piston":20,"minecraft:sandstone":7,"minecraft:stone":4,"minecraft:oak_door":13,"minecraft:redstone":93,"minecraft:polished_granite_stairs":2,"minecraft:stone_shovel":2,"minecraft:shears":4,"minecraft:hay_block":1,"minecraft:mutton":2,"minecraft:white_wool":7,"minecraft:oxeye_daisy":1,"minecraft:stripped_oak_log":5,"minecraft:leather":6,"minecraft:red_mushroom":2,"minecraft:granite_stairs":61,"minecraft:oak_log":359,"minecraft:cobblestone_wall":1,"minecraft:cobblestone_stairs":270,"minecraft:kelp":2,"minecraft:iron_ingot":51,"minecraft:oak_fence_gate":1,"minecraft:stone_pickaxe":2,"minecraft:iron_ore":407,"minecraft:iron_sword":1,"minecraft:book":27,"minecraft:oak_slab":7,"minecraft:gravel":50,"minecraft:blast_furnace":7,"minecraft:white_bed":10,"minecraft:gold_ore":22,"minecraft:green_carpet":4,"minecraft:slime_ball":3,"minecraft:stone_axe":2,"minecraft:iron_helmet":1,"minecraft:gray_wool":5,"minecraft:coal":419,"minecraft:hopper":6},"minecraft:killed_by":{"minecraft:ender_dragon":1},"minecraft:used":{"minecraft:polished_granite_stairs":1,"minecraft:iron_shovel":816,"minecraft:ladder":116,"minecraft:oak_sign":74,"minecraft:chest":33,"minecraft:iron_sword":10,"minecraft:obsidian":32,"minecraft:glass":6,"minecraft:lava_bucket":24,"minecraft:grass_block":17,"minecraft:spruce_wood":2,"minecraft:lantern":99,"minecraft:polished_andesite_stairs":10,"minecraft:dark_oak_slab":112,"minecraft:stone_brick_stairs":1,"minecraft:bedrock":1,"minecraft:golden_sword":1,"minecraft:magma_block":3,"minecraft:oak_sapling":7,"minecraft:furnace":4,"minecraft:polished_diorite_stairs":2,"minecraft:polished_blackstone_stairs":1,"minecraft:dark_oak_stairs":38,"minecraft:diorite":262,"minecraft:warped_fungus_on_a_stick":18,"minecraft:spruce_door":1,"minecraft:stone_pickaxe":319,"minecraft:blackstone_stairs":1,"minecraft:oak_planks":393,"minecraft:wooden_pickaxe":19,"minecraft:composter":18,"minecraft:oak_leaves":6,"minecraft:sand":8,"minecraft:blast_furnace":10,"minecraft:shears":89,"minecraft:red_sandstone_wall":10,"minecraft:lever":9,"minecraft:lectern":1,"minecraft:polished_granite":142,"minecraft:oak_pressure_plate":18,"minecraft:gravel":2,"minecraft:polished_andesite_slab":73,"minecraft:diamond_sword":28,"minecraft:coal_block":1,"minecraft:grindstone":1,"minecraft:smithing_table":1,"minecraft:andesite":15,"minecraft:chain":47,"minecraft:oak_boat":5,"minecraft:golden_pickaxe":32,"minecraft:oak_fence":84,"minecraft:oak_trapdoor":49,"minecraft:netherite_sword":6,"minecraft:enchanting_table":5,"minecraft:granite_stairs":7,"minecraft:flint_and_steel":11,"minecraft:stone_shovel":98,"minecraft:wooden_shovel":17,"minecraft:oak_door":11,"minecraft:torch":585,"minecraft:dirt":529,"minecraft:anvil":15,"minecraft:hopper":9,"minecraft:spruce_stairs":1,"minecraft:cobblestone_wall":84,"minecraft:golden_shovel":36,"minecraft:granite":234,"minecraft:oak_fence_gate":3,"minecraft:wooden_axe":4,"minecraft:dark_oak_planks":48,"minecraft:bookshelf":107,"minecraft:iron_block":12,"minecraft:iron_axe":641,"minecraft:oak_stairs":5,"minecraft:polished_blackstone_brick_stairs":1,"minecraft:barrel":8,"minecraft:glowstone":3,"minecraft:dark_oak_pressure_plate":2,"minecraft:golden_axe":32,"minecraft:water_bucket":35,"minecraft:iron_ore":3,"minecraft:cobblestone_stairs":514,"minecraft:polished_andesite":48,"minecraft:beacon":1,"minecraft:stonecutter":7,"minecraft:cobblestone_slab":381,"minecraft:diamond_block":4,"minecraft:tnt":30,"minecraft:crafting_table":18,"minecraft:white_bed":11,"minecraft:spruce_log":81,"minecraft:smoker":6,"minecraft:dark_oak_door":1,"minecraft:oak_log":28,"minecraft:piston":19,"minecraft:flower_pot":18,"minecraft:ender_eye":54,"minecraft:diamond_pickaxe":1304,"minecraft:iron_pickaxe":3594,"minecraft:spruce_pressure_plate":2,"minecraft:stone_axe":53,"minecraft:cobblestone":1664,"minecraft:bucket":38,"minecraft:glass_pane":14,"minecraft:end_portal_frame":48,"minecraft:stripped_oak_log":3,"minecraft:smooth_stone":153},"minecraft:crafted":{"minecraft:brick":28,"minecraft:grindstone":1,"minecraft:smooth_stone":21,"minecraft:oak_planks":1160,"minecraft:cobblestone_slab":162,"minecraft:oak_sign":21,"minecraft:barrel":2,"minecraft:oak_pressure_plate":10,"minecraft:stone":36,"minecraft:cobblestone_stairs":566,"minecraft:lever":6,"minecraft:bookshelf":3,"minecraft:glass":12,"minecraft:hopper":3,"minecraft:iron_boots":1,"minecraft:chest":12,"minecraft:oak_fence":12,"minecraft:golden_sword":1,"minecraft:flower_pot":9,"minecraft:granite_stairs":1,"minecraft:smoker":2,"minecraft:golden_axe":1,"minecraft:oak_slab":30,"minecraft:wooden_shovel":1,"minecraft:cooked_porkchop":8,"minecraft:crafting_table":4,"minecraft:wooden_pickaxe":1,"minecraft:iron_helmet":1,"minecraft:smithing_table":1,"minecraft:golden_pickaxe":1,"minecraft:iron_chestplate":1,"minecraft:diamond_pickaxe":1,"minecraft:charcoal":2,"minecraft:stick":460,"minecraft:stone_slab":6,"minecraft:iron_ingot":399,"minecraft:compass":1,"minecraft:iron_pickaxe":15,"minecraft:iron_block":3,"minecraft:gold_ingot":20,"minecraft:composter":2,"minecraft:shears":1,"minecraft:oak_door":3,"minecraft:stone_shovel":2,"minecraft:iron_nugget":72,"minecraft:furnace":7,"minecraft:blast_furnace":3,"minecraft:piston":1,"minecraft:oak_trapdoor":16,"minecraft:glass_pane":16,"minecraft:lantern":8,"minecraft:iron_axe":4,"minecraft:polished_granite_stairs":1,"minecraft:ladder":63,"minecraft:stone_pickaxe":4,"minecraft:wheat":9,"minecraft:cooked_beef":9,"minecraft:coal_block":1,"minecraft:iron_sword":1,"minecraft:golden_shovel":1,"minecraft:bucket":4,"minecraft:stone_axe":2,"minecraft:air":0,"minecraft:oak_fence_gate":2,"minecraft:oak_boat":21,"minecraft:oak_stairs":8,"minecraft:wooden_axe":1,"minecraft:iron_shovel":5,"minecraft:iron_leggings":1,"minecraft:stonecutter":2,"minecraft:anvil":1,"minecraft:torch":384}},"DataVersion":2586}